item,working_value_or_rule
OldTown white coffee / Hazelnut White Coffee,~180 kcal
BreadTalk sausage bun,184 kcal; ~8 g protein
Shio pan,~230–280 kcal; central ~255
Polar chicken curry puff,~235 kcal; ~6–7 g protein
Protein shake (current convention),~120 kcal; ~24–25 g protein
Office coffee-machine latte,~90–120 kcal; central ~105
Home Nespresso iced latte,~90–120 kcal; central ~105
Kopi C kosong bing,~60–80 kcal; central ~70
Teh C kosong bing,~50–70 kcal; central ~60
Twyst tomato + prawn pasta,457 kcal (store value previously used)
"Stuff’d chicken kebab, user’s usual build",~560 kcal
"Stuff’d chicken burrito, user-supplied build",~675 kcal
Subway 6-inch Chicken & Mushroom Melt usual build,~507 kcal; ~26 g protein
"Mr Coconut Lite Signature Coconut Shake M, no sugar",~200 kcal
"HEYTEA Crisp Grape Boom, no sugar",~165 kcal working estimate
"HEYTEA regular black milk tea, no added sugar",~135 kcal
